,word,label
0,鲍鱼,1
1,特色,1
2,自拍,1
3,无码,1
4,欧美,1
5,情色,1
6,动漫,1
7,猎奇,1
8,种子,1
9,番号,1
10,提供,1
11,最新,1
12,最快,1
13,最全,1
14,高清,1
15,免费,1
16,在线,1
17,秒播,1
18,清空,1
19,播放,1
20,记录,1
21,设置,1
22,视频,1
23,输入,1
24,关键词,1
25,首页,1
26,小说,1
27,漫画,1
28,無碼,1
29,有碼,1
30,歐美,1
31,動漫,1
32,獵奇,1
33,排行,1
34,分类,1
35,最新更新,1
36,降龙,1
37,招招,1
38,招都,1
39,高招,1
40,国产,1
41,剧情,1
42,摄影师,1
43,诱导,1
44,女模,1
45,发浪,1
46,骚气,1
47,调情,1
48,拍摄,1
49,现场,1
50,做爱,1
51,中字,1
52,天堂,1
53,之恋,1
54,变态,1
55,蒙面,1
56,女孩,1
57,天然,1
58,美人,1
59,连续,1
60,浅之美波,1
61,模特,1
62,精选,1
63,系列,1
64,极品,1
65,微博,1
66,女神,1
67,快点,1
68,亲亲,1
69,白丝双,1
70,马尾,1
71,猛男,1
72,抱操,1
73,烈焰,1
74,巨乳,1
75,人妻,1
76,轮奸,1
77,爆乳,1
78,女老师,1
79,益坂,1
80,美亚,1
81,女子,1
82,社员,1
83,解禁,1
84,无套,1
85,中出,1
86,性爱,1
87,市川,1
88,十足,1
89,女主播,1
90,手指,1
91,支配,1
92,双穴,1
93,第一,1
94,视角,1
95,饥渴,1
96,老婆,1
97,屁颠,1
98,疫情,1
99,蔓延,1
100,共克,1
101,时艰,1
102,奶淫,1
103,嘴荡,1
104,御姐,1
105,体验,1
106,特别,1
107,情人节,1
108,礼物,1
109,高颜值,1
110,美乳,1
111,正妹,1
112,女优,1
113,啪啪,1
114,拥有,1
115,身材,1
116,女主,1
117,按摩师,1
118,色心,1
119,第一次,1
120,经历,1
121,一系列,1
122,色情,1
123,经验,1
124,感到,1
125,困惑,1
126,白叶莉子,1
127,淫娃,1
128,骑乘,1
129,催眠,1
130,洗脑,1
131,偶像,1
132,变得,1
133,淫乱,1
134,深田咏美,1
135,晶爱丽,1
136,花臂,1
137,女仆,1
138,淫荡,1
139,一天,1
140,鄙弃,1
141,岳父,1
142,最低,1
143,桥本,1
144,有菜,1
145,网红,1
146,丝袜美腿,1
147,身体,1
148,敏感,1
149,极致,1
150,诱惑,1
151,玩弄到,1
152,喷水,1
153,妹妹,1
154,吃掉,1
155,纯情,1
156,少女,1
157,埃特,1
158,特拉,1
159,按住,1
160,白皙,1
161,淫娃狂,1
162,小穴,1
163,混血,1
164,水果刀,1
165,玩穴,1
166,真的,1
167,刺激,1
168,肉棒,1
169,无数次,1
170,操到,1
171,高潮,1
172,岬奈奈美,1
173,可爱,1
174,太太,1
175,喜欢,1
176,角色扮演,1
177,新城,1
178,由衣,1
179,幻想,1
180,新娘,1
181,初体验,1
182,炒饭,1
183,老公,1
184,激渴,1
185,配上,1
186,电动,1
187,马达,1
188,粉穴,1
189,清纯,1
190,主播,1
191,温尔,1
192,直播,1
193,大秀,1
194,逼真,1
195,好看,1
196,萝莉,1
197,惨遭,1
198,客人,1
199,狠狠,1
200,女警,1
201,犯案,1
202,过程,1
203,快速,1
204,拔出,1
205,碧志,1
206,萌妹,1
207,三寸,1
208,汉服,1
209,酒店,1
210,露出,1
211,紫薇,1
212,大奶,1
213,尺度,1
214,白虎,1
215,开箱,1
216,测试,1
217,国外,1
218,大牌,1
219,玩具,1
220,美鲍潮,1
221,蓄势待发,1
222,葵千,1
223,催眠术,1
224,村越,1
225,学园,1
226,主人,1
227,一起,1
228,调教,1
229,皮衣,1
230,爱好者,1
231,健身房,1
232,两根,1
233,夹击,1
234,继女,1
235,来不及,1
236,脱裤子,1
237,老爹,1
238,狂干,1
239,后院,1
240,大战,1
241,女友,1
242,旁边,1
243,朋友,1
244,侵犯,1
245,假装,1
246,睡着,1
247,学生,1
248,从早到晚,1
249,干个,1
250,教师,1
251,星野,1
252,运动,1
253,短裤,1
254,女儿,1
255,发情,1
256,春药,1
257,父亲,1
258,美园,1
259,留衣,1
260,尽情,1
261,尤物,1
262,屁眼,1
263,闷绝,1
264,美女,1
265,恶魔,1
266,青奈,1
267,偷吃,1
268,姐姐,1
269,男友,1
270,热门,1
271,儿子,1
272,出去,1
273,到後妈,1
274,房间,1
275,学生妹,1
276,老师,1
277,家教,1
278,补习,1
279,外围,1
280,女派,1
281,地产,1
282,富豪,1
283,男不雅,1
284,流出,1
285,勾引,1
286,服务员,1
287,关住,1
288,餐桌上,1
289,操逼,1
290,成人,1
291,社区,1
292,非常,1
293,火爆,1
294,苗条,1
295,无毛素,1
296,美眉,1
297,三通,1
298,精液,1
299,便器,1
300,这奶,1
301,豪乳,1
302,丰满,1
303,无毛,1
304,粉嫩,1
305,小妹妹,1
306,小幼幼,1
307,福利,1
308,搞笑,1
309,网吧,1
310,年轻,1
311,小伙,1
312,酒吧,1
313,趣事,1
314,合集,1
315,苍井空,1
316,苍井,1
317,真实,1
318,迷奸,1
319,下面,1
320,湿到,1
321,不行,1
322,姐弟,1
323,不伦,1
324,写真,1
325,王动,1
326,超强,1
327,猥琐男,1
328,小包,1
329,灌醉,1
330,制服,1
331,在校生,1
332,个人,1
333,影无中,1
334,出下,1
335,部分,1
336,良心,1
337,大作,1
338,妓女,1
339,疑似,1
340,莉哥,1
341,分钟,1
342,完整,1
343,汤不热,1
344,白肤,1
345,成性,1
346,淫水,1
347,泄洪,1
348,不喜,1
349,理想,1
350,水谷,1
351,心音,1
352,黄金,1
353,希咲彩,1
354,迷人,1
355,美胸,1
356,网络,1
357,恋爱,1
358,游戏,1
359,媚药,1
360,伪娘,1
361,完全,1
362,崩坏,1
363,春暖花开,1
364,背叛,1
365,绝望,1
366,季节,1
367,经典,1
368,香港,1
369,三级,1
370,慈禧,1
371,秘密,1
372,生活,1
373,年代,1
374,三级片,1
375,情难,1
376,自制,1
377,豪情,1
378,精品,1
379,乳娘,1
380,韩国,1
381,妈妈,1
382,看见,1
383,剪辑,1
384,办公室,1
385,四部,1
386,做爱片,1
387,精剪,1
388,精彩,1
389,二部,1
390,不错,1
391,男女,1
392,穿着,1
393,捆绑,1
394,男奴,1
395,飞机,1
396,脸上,1
397,放入,1
398,情趣用品,1
399,东游记,1
400,东南亚,1
401,红灯区,1
402,取精,1
403,台湾,1
404,豪华,1
405,年终,1
406,感谢,1
407,警察故事,1
408,四点,1
409,全露,1
410,毫无,1
411,羞耻心,1
412,夏沫,1
413,户外,1
414,遥控器,1
415,口球,1
416,挣扎,1
417,自缚,1
418,元素,1
419,二代,1
420,约炮,1
421,漂亮,1
422,纹身,1
423,偷情,1
424,销魂,1
425,不知,1
426,操疼,1
427,太爽,1
428,路边,1
429,打炮,1
430,开车,1
431,过去,1
432,还会,1
433,挥手,1
434,最牛,1
435,蜜饯,1
436,小时,1
437,气质,1
438,美少妇,1
439,两个,1
440,屌丝,1
441,下药,1
442,带到,1
443,宾馆,1
444,开房,1
445,随意,1
446,玩弄,1
447,轮流,1
448,警告,1
449,未滿,1
450,十八,1
451,人士,1
452,自覺,1
453,離開,1
454,本站,1
455,影像,1
456,視頻,1
457,自互,1
458,聯網,1
459,搜索,1
460,采集,1
461,我們,1
462,錄制,1
463,上傳,1
464,存儲,1
465,服務,1
466,18,1
467,HEYZO,1
468,0350,1
469,AIKA,1
470,092816,1
471,393,1
472,IPX281,1
473,STARS178,1
474,AV,1
475,383,1
476,SSNI565,1
477,DASD623,1
478,SSNI569,1
479,DR,1
480,IPX285,1
481,042019,1
482,836,1
483,021919,1
484,001,1
485,LOLI,1
486,DAMI,1
487,403,1
488,121016,1
489,443,1
490,Zero2,1
491,SM,1
492,SSNI679,1
493,404,1
494,SSNI433,1
495,VRTM475,1
496,100716,1
497,400,1
498,ZW,1
499,200GANA1926,1
500,3D,1
501,COS,1
502,40,1
503,111916,1
504,430,1
505,092416,1
506,391,1
507,010117,1
508,002,1
509,091516,1
510,Zero1,1
511,WSS,1
512,80,1
513,3D2,1
514,JVID,1
515,MIO,1
516,KB,1
517,悍马,1
518,世界,1
519,前篇,1
520,苍井爱,1
521,施工现场,1
522,色诱,1
523,工人,1
524,王瑞儿,1
525,真菜,1
526,纱仓,1
527,辣妹,1
528,发痒,1
529,骚穴,1
530,塞满,1
531,公厕,1
532,尾随,1
533,慢跑,1
534,闯入,1
535,连发,1
536,不顾,1
537,厕所,1
538,外面,1
539,一堆,1
540,听见,1
541,美艳,1
542,每次,1
543,精尽人亡,1
544,家政,1
545,工作,1
546,原穂,1
547,讨厌,1
548,家住,1
549,大叔,1
550,抽插,1
551,爽到,1
552,枢木葵,1
553,小骚,1
554,哥哥,1
555,力点,1
556,漂亮妹妹,1
557,总是,1
558,惦记着,1
559,鸡鸡,1
560,妻子,1
561,领导,1
562,劝酒,1
563,居然,1
564,喝醉,1
565,东凛,1
566,大长,1
567,深度,1
568,姐妹花,1
569,钟爱,1
570,绝顶,1
571,火箭,1
572,甜美,1
573,嫩妹,1
574,性感,1
575,三重,1
576,地狱,1
577,欢迎,1
578,来到,1
579,高级,1
580,香皂,1
581,目目泽惠,1
582,和服,1
583,魔女,1
584,朝桐光,1
585,好色,1
586,降临,1
587,川岛,1
588,罗莎,1
589,主管,1
590,出公差,1
591,小心,1
592,穿太正,1
593,不能,1
594,特大,1
595,招来,1
596,御用,1
597,斥候,1
598,太爽了,1
599,网友,1
600,矛与盾,1
601,对决,1
602,吸精,1
603,大法,1
604,精箍棒,1
605,有名,1
606,罩杯,1
607,上门服务,1
608,麻里,1
609,浑浊,1
610,液体,1
611,彻底,1
612,弄脏了,1
613,嗓子,1
614,樱羽,1
615,浓稠,1
616,束缚,1
617,性交,1
618,麻生,1
619,享受,1
620,紧张,1
621,星空,1
622,萌爱,1
623,天使,1
624,之刃,1
625,残暴,1
626,蹂躏,1
627,金发,1
628,弥生,1
629,骑士,1
630,卡秋娅,1
631,死死,1
632,含住,1
633,餐厅,1
634,河西,1
635,千奈美,1
636,乳粉,1
637,乖乖女,1
638,情趣,1
639,旗袍,1
640,自慰,1
641,大量,1
642,白浆,1
643,欲求,1
644,不满,1
645,乳头,1
646,勃起,1
647,永井,1
648,玛利亚,1
649,迫不及待,1
650,舔食,1
651,大崎茜,1
652,完具,1
653,电影院,1
654,大黑,1
655,爱乃娜,1
656,继母,1
657,串通,1
658,姐妹,1
659,魔法,1
660,之眼,1
661,艺校,1
662,小花,1
663,家里,1
664,楼下,1
665,溜达,1
666,人贩子,1
667,迷倒,1
668,某盘,1
669,零零,1
670,卷毛,1
671,卫生间,1
672,新加坡,1
673,空姐,1
674,直接,1
675,骑上去,1
676,最深处,1
677,爽死,1
678,爆插,1
679,小妹,1
680,健身,1
681,俱乐部,1
682,帅哥,1
683,教练,1
684,白领丽人,1
685,小萝莉,1
686,不让,1
687,机械,1
688,纪元,1
689,妹子,1
690,绳子,1
691,吊着,1
692,蜜桃,1
693,往下面,1
694,风油精,1
695,真是,1
696,人才,1
697,高铁,1
698,社猫,1
699,性大扎,1
700,喜来登,1
701,事件,1
702,香蕉,1
703,黄瓜,1
704,高中生,1
705,超人,1
706,奇珍,1
707,美鲍粉,1
708,云集,1
709,绝世,1
710,不忍,1
711,插入,1
712,馒头,1
713,穴小萝莉,1
714,必备,1
715,人帅,1
716,鸡巴,1
717,累小,1
718,少妇,1
719,不放过,1
720,上位,1
721,0250,1
722,STARS185,1
723,092317,1
724,584,1
725,HND,1
726,647,1
727,内射,1
728,MEYD478,1
729,410,1
730,408,1
731,409,1
732,407,1
733,091716,1
734,385,1
735,020318,1
736,641,1
737,0044,1
738,joker,1
739,ebod686,1
740,SSNI666,1
741,1637,1
742,NACR297,1
743,101516,1
744,406,1
745,0031,1
746,PPPD822,1
747,0028,1
748,0444,1
749,pov,1
750,ZWPR,1
751,600,1
752,分门,1
753,2018,1
754,12,1
755,27,1
756,肉欲,1
757,瞳由良,1
758,隐藏,1
759,笑颜,1
760,悲奸,1
761,地下,1
762,接待,1
763,织笠,1
764,留美,1
765,射得,1
766,眼镜,1
767,一脸,1
768,油亮,1
769,大肉棒,1
770,逛街,1
771,期间,1
772,突然,1
773,首次,1
774,用脸,1
775,接受,1
776,精子,1
777,并用,1
778,湿润,1
779,温暖,1
780,妩媚,1
781,娇妻,1
782,清洁,1
783,进行,1
784,爱抚,1
785,争斗,1
786,释放,1
787,升起,1
788,性欲,1
789,白石,1
790,遇险,1
791,小屋,1
792,空间,1
793,亲吻,1
794,高桥,1
795,圣子,1
796,现役,1
797,大学生,1
798,女演员,1
799,志愿,1
800,安藤亚里,1
801,娇嫩,1
802,迷离,1
803,眼神,1
804,挤爆,1
805,淫妻,1
806,呢喃,1
807,数度,1
808,早上,1
809,晶艾莉,1
810,圆润,1
811,屁股,1
812,浴缸,1
813,后入,1
814,日常,1
815,喂饱,1
816,学员,1
817,颜骑,1
818,安城,1
819,安娜,1
820,黑色,1
821,马拉,1
822,看看,1
823,最大,1
824,尺寸,1
825,宇佐美舞,1
826,江波,1
827,美穴,1
828,特别版,1
829,神尾舞,1
830,三个,1
831,原亚衣,1
832,乐乐,1
833,首部,1
834,剧情片,1
835,时间,1
836,停止,1
837,外卖,1
838,弟弟,1
839,巨作,1
840,风韵,1
841,表姐,1
842,相亲,1
843,失败,1
844,寂寞,1
845,魔爪,1
846,伸向,1
847,工具,1
848,暴操,1
849,超级,1
850,浴衣,1
851,痴女,1
852,肛门,1
853,契约,1
854,羁绊,1
855,果哥,1
856,出品,1
857,白金版,1
858,女排,1
859,姑娘,1
860,淫猥,1
861,小姐姐,1
862,捂住,1
863,嘴巴,1
864,开启,1
865,爆肛,1
866,模式,1
867,财富,1
868,千金,1
869,兵哥哥,1
870,日记,1
871,强忍,1
872,猛烈,1
873,反转,1
874,口交,1
875,内衣,1
876,引擎盖,1
877,一顿,1
878,猛干,1
879,美少女,1
880,中年,1
881,顺从,1
882,鳝鱼,1
883,塞进,1
884,下体,1
885,爸爸,1
886,进来,1
887,之二,1
888,字幕,1
889,梅麻,1
890,出版,1
891,情景剧,1
892,犯人,1
893,讯问,1
894,权力,1
895,季床,1
896,集锦,1
897,全集,1
898,黑丝,1
899,不少,1
900,跑车,1
901,高校,1
902,生用,1
903,换来,1
904,分数,1
905,成绩,1
906,合格,1
907,一间,1
908,旅馆,1
909,神教,1
910,高价,1
911,有点,1
912,良家,1
913,白富,1
914,美的,1
915,感觉,1
916,学坏,1
917,炮友,1
918,车里,1
919,一时,1
920,水姐,1
921,全身,1
922,年级,1
923,小青年,1
924,乙丙,1
925,我姓,1
926,古装,1
927,换衣,1
928,安徽,1
929,丝袜,1
930,激情,1
931,水流,1
932,超正,1
933,学妹,1
934,下课,1
935,拘束,1
936,凌辱,1
937,全裸,1
938,影片,1
939,奴隶,1
940,安东尼,1
941,耻辱,1
942,姬样,1
943,限定,1
944,纯真,1
945,无垢,1
946,乐园,1
947,汉普班克,1
948,注满,1
949,艾鲁西娅,1
950,哈尔,1
951,温斯,1
952,OL,1
953,111315,1
954,189,1
955,ATID386,1
956,SNIS190,1
957,428,1
958,SNIS189,1
959,MIDE742,1
960,020916,1
961,242,1
962,PRED215,1
963,101715,1
964,SNIS185,1
965,121915,1
966,120915,1
967,204,1
968,092215,1
969,157,1
970,102215,1
971,184,1
972,080316,1
973,352,1
974,081717,1
975,568,1
976,091416,1
977,382,1
978,050417,1
979,111617,1
980,606,1
981,421,1
982,422,1
983,SS,1
984,FC2PPV975850,1
985,BF,1
986,576,1
987,332NAMA017,1
988,23,1
989,91,1
990,Littlesubgirl,1
991,不大,1
992,Queena,1
993,9min,1
994,竟然,1
995,高挑,1
996,閨蜜,1
997,看过,1
998,苗條,1
999,万人,1
1000,夏日,1
1001,極品,1
1002,野百合,1
1003,橘貓,1
1004,白絲,1
1005,視角,1
1006,早餐,1
1007,給我,1
1008,加點,1
1009,蛋白,1
1010,女王,1
1011,范氣質,1
1012,白嫩,1
1013,宮崎愛莉,1
1014,高顏值,1
1015,十七,1
1016,雨季,1
1017,道具,1
1018,工口,1
1019,幻小裙,1
1020,少交,1
1021,不倫戀,1
1022,成為,1
1023,想要,1
1024,吮吸,1
1025,任何人,1
1026,惡魔,1
1027,深田詠,1
1028,一個,1
1029,整潔,1
1030,女士,1
1031,強奸,1
1032,喚醒,1
1033,二宮,1
1034,更衣,1
1035,間里,1
1036,渴望,1
1037,噴射,1
1038,粘稠,1
1039,廣州,1
1040,豪宅,1
1041,性愛椅,1
1042,大戰,1
1043,黑絲,1
1044,特別,1
1045,終於無套,1
1046,隔壁,1
1047,娘還,1
1048,穿著,1
1049,裝讓,1
1050,爽爽,1
1051,雜物間,1
1052,干得,1
1053,香汗,1
1054,淋漓,1
1055,纏綿,1
1056,旅行,1
1057,松下,1
1058,紗栄子,1
1059,推特萌妹,1
1060,不滿,1
1061,美少婦,1
1062,可愛的,1
1063,幸福,1
1064,同居,1
1065,星奈愛,1
1066,奶牛,1
1067,奶炮,1
1068,小清,1
1069,殿下,1
1070,絲襪,1
1071,三件套,1
1072,臉皮,1
1073,當了,1
1074,一周,1
1075,飛鳥鈴,1
1076,沒穿,1
1077,內褲,1
1078,野外,1
1079,少婦,1
1080,在家,1
1081,粉紅,1
1082,濕噠,1
1083,推上,1
1084,李佳,1
1085,臉性,1
1086,愛私,1
1087,極速,1
1088,深喉口,1
1089,很久,1
1090,安慰,1
1091,大奶妹,1
1092,松井,1
1093,加奈,1
1094,豐富親,1
1095,交織,1
1096,木凜,1
1097,中國,1
1098,開腿,1
1099,鮑魚,1
1100,垂涎三尺,1
1101,進來,1
1102,椎名,1
1103,未來,1
1104,束縛,1
1105,奴役,1
1106,墮落,1
1107,夏樹,1
1108,真里奈,1
1109,藍川,1
1110,美夏,1
1111,萌神,1
1112,糖豆,1
1113,全程,1
1114,騷女,1
1115,蜜穴,1
1116,一片,1
1117,羞嗒,1
1118,女朋友,1
1119,按摩棒,1
1120,身上,1
1121,寶的,1
1122,深入,1
1123,男人,1
1124,輪奸,1
1125,由奈,1
1126,胸大,1
1127,小美女,1
1128,星級,1
1129,狠操,1
1130,奶水,1
1131,熟女,1
1132,秋野千尋,1
1133,擴陰器,1
1134,特寫,1
1135,雙插,1
1136,奶子,1
1137,小叔子,1
1138,齊木,1
1139,老板,1
1140,氣質,1
1141,幫忙,1
1142,照顧,1
1143,幾天,1
1144,加藤,1
1145,麻耶,1
1146,小川,1
1147,阿佐美,1
1148,繼子,1
1149,發現,1
1150,小鳥,1
1151,游翼,1
1152,被迫,1
1153,死角,1
1154,性愛拍,1
1155,櫻井步,1
1156,蒼井空,1
1157,蒼井,1
1158,亿人,1
1159,高價,1
1160,有點,1
1161,感覺,1
1162,坐在,1
1163,別人,1
1164,雞巴,1
1165,上給,1
1166,打電話,1
1167,騷貨,1
1168,湯不熱,1
1169,白膚,1
1170,調教成,1
1171,性奴,1
1172,分鐘,1
1173,饅頭,1
1174,小蘿莉,1
1175,網紅美,1
1176,眉心,1
1177,私拍,1
1178,合輯,1
1179,真實,1
1180,濕到,1
1181,俱樂部,1
1182,帥哥,1
1183,教練,1
1184,領麗人,1
1185,開房,1
1186,社區,1
1187,無毛素,1
1188,褲兒,1
1189,媳婦,1
1190,公公,1
1191,起來,1
1192,草莓,1
1193,軟糖,1
1194,大學生,1
1195,清純,1
1196,奴仆,1
1197,裝跟,1
1198,干爹,1
1199,好爽,1
1200,笑容,1
1201,雪白,1
1202,肌膚,1
1203,護士,1
1204,喜來,1
1205,分門,1
1206,英雄,1
1207,聯盟,1
1208,阿璃,1
1209,對付,1
1210,女人,1
1211,絕世,1
1212,武功,1
1213,一定,1
1214,要學,1
1215,幼幼,1
1216,老師,1
1217,玩游,1
1218,事業,1
1219,付出,1
1220,豐盛,1
1221,乳汁,1
1222,忍者,1
1223,處夜,1
1224,小姐,1
1225,塞萊卡諾,1
1226,揮舞,1
1227,巫女,1
1228,七天,1
1229,三級片,1
1230,韓國,1
1231,精選,1
1232,媽媽,1
1233,看見,1
1234,經典,1
1235,三級,1
1236,愛剪輯,1
1237,公室,1
1238,片段,1
1239,愛精,1
1240,小年,1
1241,不錯,1
1242,剪輯,1
1243,劇情,1
1244,納蒂,1
1245,勾搭,1
1246,出來,1
1247,呼呼大睡,1
1248,帶到,1
1249,住所,1
1250,各種,1
1251,一對,1
1252,不過,1
1253,搗出,1
1254,白漿,1
1255,北京,1
1256,極限,1
1257,挑戰,1
1258,公交站,1
1259,牌前,1
1260,車流,1
1261,涌動,1
1262,三個,1
1263,人妖,1
1264,賓館,1
1265,雞巴用,1
1266,相互,1
1267,撫慰,1
1268,調戲,1
1269,著別,1
1270,一番,1
1271,陰道,1
1272,觀看,1
1273,射精,1
1274,夫妻,1
1275,奴各種,1
1276,羞辱,1
1277,女奴,1
1278,圣水,1
1279,太雜,1
1280,男孩子,1
1281,推特小蘿莉,1
1282,拘禁,1
1283,籠里,1
1284,偷拍,1
1285,超級,1
1286,難度,1
1287,簫旋,1
1288,轉秀,1
1289,監禁,1
1290,女學園,1
1291,精油,1
1292,按摩,1
1293,ZIWEI,1
1294,smbd,1
1295,139,1
1296,HAWA171,1
1297,homa010,1
1298,BF567,1
1299,JK,1
1300,lafbd,1
1301,58,1
1302,BF531,1
1303,BF563,1
1304,mkd,1
1305,s91,1
1306,sm3d2dbd,1
1307,25,1
1308,BBI142,1
1309,cw3d2dbd,1
1310,homa025,1
1311,IESP599,1
1312,mcb3dbd,1
1313,mkbd,1
1314,s63,1
1315,119,1
1316,BBI177,1
1317,49,1
1318,HAVD881,1
1319,同人,1
1320,twm,1
1321,8145,1
1322,70,1
1323,DensTinon,1
1324,60,1
1325,TJ,1
1326,yan,1
1327,爱女人,1
1328,爱液,1
1329,拔出来,1
1330,爆草,1
1331,包二奶,1
1332,暴干,1
1333,暴奸,1
1334,暴乳,1
1335,暴淫,1
1336,逼奸,1
1337,仓井空,1
1338,插暴,1
1339,操黑,1
1340,操烂,1
1341,操死,1
1342,厕奴,1
1343,插比,1
1344,插进,1
1345,插阴,1
1346,潮吹,1
1347,潮喷,1
1348,dv,1
1349,电影,1
1350,论坛,1
1351,卡通,1
1352,成人片,1
1353,成人图,1
1354,人文,1
1355,网站,1
1356,成人文学,1
1357,艳情小说,1
1358,赤裸,1
1359,抽一,1
1360,大力,1
1361,抽送,1
1362,大乳,1
1363,荡妇,1
1364,荡女,1
1365,多人轮,1
1366,放尿,1
1367,封面女郎,1
1368,风月,1
1369,大陆,1
1370,干死你,1
1371,干穴,1
1372,肛交,1
1373,龟头,1
1374,av,1
1375,好嫩,1
1376,后庭,1
1377,花花公子,1
1378,换妻,1
1379,黄片,1
1380,几吧,1
1381,鸡奸,1
1382,集体,1
1383,奸情,1
1384,叫床,1
1385,脚交,1
1386,金鳞,1
1387,池中物,1
1388,金麟,1
1389,菊花,1
1390,菊门,1
1391,巨奶,1
1392,菊穴,1
1393,开苞,1
1394,口爆,1
1395,口活,1
1396,口射,1
1397,口淫,1
1398,裤袜,1
1399,狂操,1
1400,浪逼,1
1401,浪妇,1
1402,浪叫,1
1403,浪女,1
1404,狼友,1
1405,聊性,1
1406,流淫,1
1407,铃木,1
1408,漏乳,1
1409,乱交,1
1410,乱伦,1
1411,轮暴,1
1412,轮操,1
1413,买春,1
1414,美逼,1
1415,美腿,1
1416,美幼,1
1417,秘唇,1
1418,密穴,1
1419,蜜液,1
1420,摸奶,1
1421,母奸,1
1422,奈美,1
1423,嫩女,1
1424,捏弄,1
1425,喷精,1
1426,香堂,1
1427,前凸,1
1428,jian,1
1429,强暴,1
1430,强奸,1
1431,处女,1
1432,拳交,1
1433,群交,1
1434,惹火,1
1435,人兽,1
1436,日烂,1
1437,肉唇,1
1438,肉洞,1
1439,肉缝,1
1440,肉棍,1
1441,肉茎,1
1442,肉具,1
1443,肉穴,1
1444,乳爆,1
1445,乳房,1
1446,乳沟,1
1447,乳交,1
1448,骚逼,1
1449,骚比,1
1450,骚女,1
1451,骚水,1
1452,色界,1
1453,色猫,1
1454,色盟,1
1455,色情网站,1
1456,色区,1
1457,色色,1
1458,色欲,1
1459,少年,1
1460,阿宾,1
1461,修正,1
1462,射爽,1
1463,射颜,1
1464,食精,1
1465,释欲,1
1466,兽奸,1
1467,兽交,1
1468,手淫,1
1469,兽欲,1
1470,熟妇,1
1471,熟母,1
1472,爽片,1
1473,爽死我了,1
1474,丝诱,1
1475,松岛枫,1
1476,汤加,1
1477,体奸,1
1478,体位,1
1479,舔阴,1
1480,偷欢,1
1481,推油,1
1482,脱内裤,1
1483,文做,1
1484,舞女,1
1485,夏川纯,1
1486,相奸,1
1487,校鸡,1
1488,xue,1
1489,妖娆,1
1490,性虎,1
1491,性饥渴,1
1492,性技巧,1
1493,性虐,1
1494,性息,1
1495,穴口,1
1496,穴图,1
1497,亚情,1
1498,颜射,1
1499,阳具,1
1500,杨思敏,1
1501,要射,1
1502,夜勤,1
1503,病栋,1
1504,一本,1
1505,一夜,1
1506,一夜情,1
1507,ye,1
1508,阴部,1
1509,淫虫,1
1510,阴唇,1
1511,阴道,1
1512,阴阜,1
1513,淫妇,1
1514,淫河,1
1515,阴核,1
1516,阴户,1
1517,淫贱,1
1518,阴茎,1
1519,阴精,1
1520,淫浪,1
1521,淫媚,1
1522,淫糜,1
1523,淫母,1
1524,淫女,1
1525,淫虐,1
1526,淫情,1
1527,淫色,1
1528,声浪,1
1529,淫兽,1
1530,淫书,1
1531,淫术,1
1532,炼金,1
1533,淫威,1
1534,淫亵,1
1535,淫样,1
1536,淫液,1
1537,淫照,1
1538,应召,1
1539,幼交,1
1540,幼男,1
1541,幼女,1
1542,欲火,1
1543,欲女,1
1544,玉女心经,1
1545,玉蒲团,1
1546,玉乳,1
1547,欲仙欲死,1
1548,玉穴,1
1549,援交,1
1550,原味,1
1551,援助交际,1
1552,张筱雨,1
1553,招鸡,1
1554,招妓,1
1555,美妇,1
1556,抓胸,1
1557,99bb,1
1558,a4u,1
1559,a4y,1
1560,adult,1
1561,amateur,1
1562,anal,1
1563,fuck,1
1564,gay,1
1565,hardcore,1
1566,动画,1
1567,incest,1
1568,porn,1
1569,secom,1
1570,sexinsex,1
1571,sm,1
1572,xiao77,1
1573,xing,1
1574,伴侣,1
1575,tokyohot,1
1576,yin,1
1577,贱人,1
1578,sb,1
1579,煞笔,1
1580,刹笔,1
1581,傻比,1
1582,沙比,1
1583,欠干,1
1584,婊子,1
1585,我操,1
1586,我草,1
1587,卧槽,1
1588,cao,1
1589,真他妈,1
1590,西皮,1
1591,狗操,1
1592,狗草,1
1593,杂种,1
1594,狗日,1
1595,祖宗,1
1596,全家,1
1597,大爷,1
1598,麻痹,1
1599,马勒,1
1600,狗娘养,1
1601,下贱,1
1602,死光,1
1603,不得好死,1
1604,死绝,1
1605,白痴,1
1606,无耻,1
1607,贱货,1
1608,人渣,1
1609,混蛋,1
1610,媚外,1
1611,和弦,1
1612,兼职,1
1613,限量,1
1614,铃声,1
1615,性伴侣,1
1616,男公关,1
1617,火辣,1
1618,诱奸,1
1619,发生,1
1620,关系,1
1621,快感,1
1622,内裤,1
1623,浑圆,1
1624,咪咪,1
1625,兽性,1
1626,风骚,1
1627,呻吟,1
1628,阉割,1
1629,裸露,1
1630,一丝不挂,1
1631,脱光,1
1632,干死,1
1633,中性,1
1634,乱奸,1
1635,伦理,1
1636,伦理片,1
1637,裸聊,1
1638,裸体,1
1639,裸舞视,1
1640,裸照,1
1641,上门,1
1642,迷幻药,1
1643,迷幻,1
1644,迷昏口,1
1645,迷昏药,1
1646,迷昏藥,1
1647,迷魂,1
1648,迷魂药,1
1649,迷奸药,1
1650,迷情,1
1651,迷药,1
1652,迷藥,1
1653,奸药,1
1654,骚妇,1
1655,骚货,1
1656,骚浪,1
1657,骚嘴,1
1658,色妹妹,1
1659,表演,1
1660,色情电影,1
1661,服务,1
1662,色情图片,1
1663,色情小说,1
1664,色情片,1
1665,性福,1
1666,性伙伴,1
1667,图片,1
1668,集中营,1
1669,阴蒂,1
1670,阴间,1
1671,来电,1
1672,增大,1
1673,助勃,1
1674,阴毛,1
1675,陰唇,1
1676,陰戶,1
1677,照片,1
1678,淫靡,1
1679,淫魔舞,1
1680,淫肉,1
1681,淫騷妹,1
1682,淫兽学,1
1683,淫穴,1
1684,morphine,1
1685,摇头丸,1
1686,乖乖,1
1687,narcotic,1
1688,麻醉药,1
1689,精神药品,1
